source,id,title,kind,category,level,tags,url,share_links,extensions,jacdac,downloads,featured_image,inline_images,youtube,languages,include,note
learn.forwardedu.com post,34526,"Hour of AI: Shake, Roll, Remix with MicroChat",project,AI: MicroChat,,MicroChat,https://learn.forwardedu.com/hour-of-ai-shake-roll-remix-with-microchat/,,,,n/a,https://learn.forwardedu.com/wp-content/uploads/2026/10/shake-roll-remix-thumbnail-copy.jpg,0,0,en,no,no MakeCode code; uses app.microchat.co
learn.forwardedu.com post,34299,Hour of AI: Classroom Climate Checker with MicroChat,project,AI: MicroChat,,MicroChat,https://learn.forwardedu.com/hour-of-ai-classroom-climate-checker-with-microchat/,,,,n/a,https://learn.forwardedu.com/wp-content/uploads/2026/10/classroom-climate-checker-thumbnail-copy.jpg,0,0,en,no,no MakeCode code; uses app.microchat.co
learn.forwardedu.com post,33475,Automatic Door Sensor with MicroChat,project,AI: MicroChat,,MicroChat,https://learn.forwardedu.com/automatic-door-sensor-with-microchat/,,,,n/a,https://learn.forwardedu.com/wp-content/uploads/2026/07/Automatic-Door-Sensor-Project-Build-Thumbnail-copy.jpg,1,0,en,no,no MakeCode code; uses app.microchat.co
learn.forwardedu.com post,33463,Sunlight Exposure Alert with MicroChat,project,AI: MicroChat,,,https://learn.forwardedu.com/sunlight-exposure-alert-with-microchat/,,,,n/a,https://learn.forwardedu.com/wp-content/uploads/2026/07/Sunlight-Exposure-Alert-Thumbnail-copy-1.jpg,1,0,en,no,no MakeCode code; uses app.microchat.co
learn.forwardedu.com post,33336,Disco Pixel Party with MicroChat,project,AI: MicroChat,,MicroChat,https://learn.forwardedu.com/disco-pixel-party-with-microchat/,,,,n/a,https://learn.forwardedu.com/wp-content/uploads/2026/07/Pixel-Party-with-MicroChat-Thumbnail-scaled.jpg,1,0,en,no,no MakeCode code; uses app.microchat.co
learn.forwardedu.com post,28941,PIR (Motion) Sensor,tutorial,Smart Sensors,,,https://learn.forwardedu.com/pir-sensor/,S64503-07664-65576-44668 S08366-75683-00458-78428,fwd-coding-for-good=forward-education/pxt-coding-for-good#v1.0.2,v1.9.38 v1.9.40,after re-pin,https://learn.forwardedu.com/wp-content/uploads/2026/05/PIR-Tutorial-Thumbnail.jpg,13,0,en,yes,
learn.forwardedu.com post,28987,LCD Screen,tutorial,Smart Sensors,,,https://learn.forwardedu.com/lcd-screen/,S04017-31259-79796-08258 S21992-76190-71798-47880 S32896-18730-27374-42946 S61763-59304-45972-95305 S07213-33270-05063-76358 S89203-12939-67722-70166,fwd-coding-for-good=forward-education/pxt-coding-for-good#v1.0.2,v1.9.38 v1.9.40,after re-pin,https://learn.forwardedu.com/wp-content/uploads/2026/05/LCD-Tutorial-Thumbnail.jpg,20,0,en,yes,
learn.forwardedu.com post,24797,Temperature Probe,tutorial,Smart Sensors,,Sensor,https://learn.forwardedu.com/temperature-probe/,S68479-51875-72395-29711 S75097-03422-31722-08799,fwd-coding-for-good=forward-education/pxt-coding-for-good#v1.0.2,v1.9.38 v1.9.40,after re-pin,https://learn.forwardedu.com/wp-content/uploads/2025/05/Temp-Probe-Tutorial-Thumbnail.jpg,13,0,en,yes,
learn.forwardedu.com post,29045,Color Sensor,tutorial,Smart Sensors,,,https://learn.forwardedu.com/color-sensor/,S38561-71325-79226-65099 S66693-58362-90227-05389 S72450-40562-24108-61555 S88034-64238-10499-91486,fwd-coding-for-good=forward-education/pxt-coding-for-good#v1.0.2,v1.9.38 v1.9.40,after re-pin,https://learn.forwardedu.com/wp-content/uploads/2026/05/Color-Sensor-Tutorial-Thumbnail.jpg,19,0,en,yes,
learn.forwardedu.com post,30697,Entry Alert,project,Smart Sensors,,Coding Activity,https://learn.forwardedu.com/entry-alert/,S91642-05521-95883-51875,fwd-coding-for-good=forward-education/pxt-coding-for-good#v1.0.2,v1.9.38 v1.9.40,after re-pin,https://learn.forwardedu.com/wp-content/uploads/2026/05/Entry-Alert.webp,5,0,en,yes,
learn.forwardedu.com post,30701,Motion Sensing Lights,project,Smart Sensors,,,https://learn.forwardedu.com/motion-sensing-lights/,S87555-21707-75054-94172,fwd-coding-for-good=forward-education/pxt-coding-for-good#v1.0.2,v1.9.38 v1.9.40,after re-pin,https://learn.forwardedu.com/wp-content/uploads/2026/05/Auto-Lights.webp,6,0,en,yes,
learn.forwardedu.com post,30491,Soil Temperature Testing,project,Smart Sensors,,,https://learn.forwardedu.com/soil-temperature-testing/,S46252-28344-71135-01628,fwd-coding-for-good=forward-education/pxt-coding-for-good#v1.0.2,v1.9.38 v1.9.40,after re-pin,https://learn.forwardedu.com/wp-content/uploads/2026/05/Soil-Monitoring.webp,6,0,en,yes,
learn.forwardedu.com post,30660,Shake-to-Roll Dice & Probability Lab with MicroChat,project,AI: MicroChat,,MicroChat,https://learn.forwardedu.com/shake-to-roll-dice-probability-lab/,,,,n/a,https://learn.forwardedu.com/wp-content/uploads/2026/05/shake-to-roll-dice-thumbnail-2.jpg,0,0,en,no,no MakeCode code; uses app.microchat.co
learn.forwardedu.com post,30651,The Nature Explorer with MicroChat,project,AI: MicroChat,,MicroChat,https://learn.forwardedu.com/the-nature-explorer-with-microchat/,,,,n/a,https://learn.forwardedu.com/wp-content/uploads/2026/05/nature-explorer-thumbnail-1.jpg,0,0,en,no,no MakeCode code; uses app.microchat.co
learn.forwardedu.com post,30639,The Mood Badge with MicroChat,project,AI: MicroChat,,MicroChat,https://learn.forwardedu.com/the-mood-badge-with-microchat/,,,,n/a,https://learn.forwardedu.com/wp-content/uploads/2026/05/mood-badge-thumbnail-1.jpg,0,0,en,no,no MakeCode code; uses app.microchat.co
learn.forwardedu.com post,30686,Compass Navigator with MicroChat,project,AI: MicroChat,,MicroChat,https://learn.forwardedu.com/compass-navigator/,,,,n/a,https://learn.forwardedu.com/wp-content/uploads/2026/05/compass-navigator-thumbnail-2.jpg,0,0,en,no,no MakeCode code; uses app.microchat.co
learn.forwardedu.com post,30131,Including Audio Recordings with Funny Voice Recorder,project,micro:bit Foundation lessons,Beginner,Beginner;Coding Activity,https://learn.forwardedu.com/including-audio-recordings-with-funny-voice-recorder/,,,,n/a,https://learn.forwardedu.com/wp-content/uploads/2026/05/funny-voice-recorder-thumbnail.jpg,0,0,en (+es slides),no,code and slides are micro:bit Foundation content on microbit.org
learn.forwardedu.com post,30121,Number Patterns with the micro:bit,project,micro:bit Foundation lessons,Beginner,Beginner;Coding Activity,https://learn.forwardedu.com/number-patterns-with-microbit/,,,,n/a,https://learn.forwardedu.com/wp-content/uploads/2026/05/number-patterns-counter-thumbnail.jpg,1,0,en (+es slides),no,code and slides are micro:bit Foundation content on microbit.org
learn.forwardedu.com post,30130,Paraphrasing Quantitative Information with Survey Data Logger,project,micro:bit Foundation lessons,Beginner,Beginner;Coding Activity,https://learn.forwardedu.com/paraphrasing-quantitative-information-with-survey-data-logger/,,,,n/a,https://learn.forwardedu.com/wp-content/uploads/2026/05/traffic-survey-thumbnail.jpg,0,0,en (+es slides),no,code and slides are micro:bit Foundation content on microbit.org
learn.forwardedu.com post,30129,Measurement and Conversion with Distance Calculator,project,micro:bit Foundation lessons,Beginner,Beginner;Coding Activity,https://learn.forwardedu.com/measurement-and-conversion-with-distance-calculator/,,,,n/a,https://learn.forwardedu.com/wp-content/uploads/2026/05/distance-calculator-thumbnail.jpg,0,0,en,no,code and slides are micro:bit Foundation content on microbit.org
learn.forwardedu.com post,30120,Renewable Energy with micro:bit Light Meter,project,micro:bit Foundation lessons,,CHARGE for micro:bit;Coding Activity,https://learn.forwardedu.com/renewable-energy-with-microbit-light-meter/,,,,n/a,https://learn.forwardedu.com/wp-content/uploads/2026/05/renewable-energy-thumbnail.jpg,2,0,en (+es slides),no,code and slides are micro:bit Foundation content on microbit.org
learn.forwardedu.com post,30119,Energy Transfer with micro:bit Conductivity Tester,project,micro:bit Foundation lessons,Beginner,Beginner;Coding Activity,https://learn.forwardedu.com/energy-transfer-with-microbit-conductivity-tester/,,,,n/a,https://learn.forwardedu.com/wp-content/uploads/2026/05/conductivity-tester-thumbnail.jpg,1,0,en (+es slides),no,code and slides are micro:bit Foundation content on microbit.org
learn.forwardedu.com post,30118,Narrative Writing Prompts with micro:bit,project,micro:bit Foundation lessons,Beginner,Beginner;Coding Activity,https://learn.forwardedu.com/narrative-writing-with-microbit/,,,,n/a,https://learn.forwardedu.com/wp-content/uploads/2026/05/story-element-generator-thumbnail.jpg,1,0,en (+es slides),no,code and slides are micro:bit Foundation content on microbit.org
learn.forwardedu.com post,30117,Opinion Writing with the micro:bit Data Logger,project,micro:bit Foundation lessons,Intermediate,Coding Activity;Intermediate,https://learn.forwardedu.com/opinion-writing-with-microbit/,,,,n/a,https://learn.forwardedu.com/wp-content/uploads/2026/05/survey-data-logger-thumbnail.jpg,1,0,en (+es slides),no,code and slides are micro:bit Foundation content on microbit.org
learn.forwardedu.com post,30110,Environmental Datalogging with micro:bit – Data-Based Solutions,project,micro:bit Foundation lessons,Intermediate,CHARGE for micro:bit;Coding Activity;Intermediate,https://learn.forwardedu.com/microbit-datalogging/,,,,n/a,https://learn.forwardedu.com/wp-content/uploads/2026/05/environment-data-logger-thumbnail.jpg,2,0,en (+es slides),no,code and slides are micro:bit Foundation content on microbit.org
learn.forwardedu.com post,30111,Interactive Math Practice with micro:bit Activity Picker,project,micro:bit Foundation lessons,Beginner,Beginner;Coding Activity,https://learn.forwardedu.com/math-with-microbit/,,,,n/a,https://learn.forwardedu.com/wp-content/uploads/2026/05/activity-picker-thumbnail.jpg,2,0,en (+es slides),no,code and slides are micro:bit Foundation content on microbit.org
learn.forwardedu.com post,30107,Apparent Brightness with Energy Light Meter,project,micro:bit Foundation lessons,Beginner,Beginner;CHARGE for micro:bit;Coding Activity,https://learn.forwardedu.com/apparent-brightness-with-energy-light-meter/,,,,n/a,https://learn.forwardedu.com/wp-content/uploads/2026/05/apparent-brightness-thumbnail-1.jpg,3,0,en (+es slides),no,code and slides are micro:bit Foundation content on microbit.org
learn.forwardedu.com post,29925,Artemis II – Mission to the Moon with micro:bit,project,Climate Action Kit,Intermediate,Climate Action Kit;Coding Activity;Coding for Good Kit;Intermediate,https://learn.forwardedu.com/artemis-ii-mission-to-the-moon/,S89570-64988-69068-85683,fwd-robot-tour=Forward-Education/pxt-robot-tour#v1.0.2,v1.9.38,after re-pin,https://learn.forwardedu.com/wp-content/uploads/2026/04/artemis-ii-mission-to-the-moon-thumbnail-1.jpg,7,0,en,yes,
learn.forwardedu.com post,29923,Artemis II – Lunar Rover Design,project,Climate Action Kit,Intermediate,Climate Action Kit;Coding Activity;Coding for Good Kit;Intermediate,https://learn.forwardedu.com/artemis-ii-lunar-rover-exploration/,S65517-75437-76015-37900,all-fwd-blocks=forward-education/pxt-all-fwd-blocks#v2.0.0,v1.9.41,yes as-is,https://learn.forwardedu.com/wp-content/uploads/2026/04/artemis-ii-lunar-rover-exploration-thumbnail-outlined.jpg,10,0,en,yes,
learn.forwardedu.com post,29854,Artemis II – Hello Moon with micro:bit,project,Climate Action Kit,,CHARGE for micro:bit;Climate Action Kit;Coding Activity,https://learn.forwardedu.com/artemis-ii-hello-moon-with-microbit/,S66016-49986-07546-16011,,,yes as-is,https://learn.forwardedu.com/wp-content/uploads/2026/04/artemis-ii-hello-moon-thumbnail-outlined.jpg,7,0,en,yes,
learn.forwardedu.com post,26807,Calibrate & Log pH,project,Smart Hydroponics,Intermediate,Coding Activity;Hydroponics Kit;Intermediate;Science Activity,https://learn.forwardedu.com/calibrate-log-ph/,S38176-65549-90187-99484,fwd-smart-hydroponics=forward-education/pxt-smart-hydroponics#v1.2.0,v1.9.38,after re-pin,https://learn.forwardedu.com/wp-content/uploads/2026/02/Calibrate-Log-pH-06.jpg,6,0,en,yes,
learn.forwardedu.com post,24817,Simple pH Monitoring,project,Smart Hydroponics,Beginner,Beginner;Coding Activity;Hydroponics Kit;MWEE Kit;Science Activity,https://learn.forwardedu.com/simple-ph-monitoring/,S84580-61809-88604-10923,fwd-smart-hydroponics=forward-education/pxt-smart-hydroponics#v1.2.0,v1.9.38,after re-pin,https://learn.forwardedu.com/wp-content/uploads/2026/02/Simple-pH-Monitoring-07.jpg,6,0,en,yes,
learn.forwardedu.com post,29450,Smart Solar Energy Kit Unboxing & Assembly,tutorial,Smart Solar,,Smart Solar Energy Kit,https://learn.forwardedu.com/smart-solar-energy-kit-unboxing-assembly/,,,,n/a,https://learn.forwardedu.com/wp-content/uploads/2026/03/Smart-Solar-Energy-Kit-Assembly-Tutorial-Thumbnail-2.jpg,3,1,en,no,"no MakeCode code (video, assembly or design)"
learn.forwardedu.com post,28065,Smart Hydroponics Kit Unboxing & Setup,tutorial,Smart Hydroponics,,Hydroponics Kit,https://learn.forwardedu.com/smart-hydroponics-kit-unboxing-setup/,,,,n/a,https://learn.forwardedu.com/wp-content/uploads/2025/12/HydroponicsKit-Instructions-Thumbnails.jpg,3,1,en,no,"no MakeCode code (video, assembly or design)"
learn.forwardedu.com post,24802,pH Probe,tutorial,Smart Hydroponics,,Hydroponics Kit;MWEE Kit;Sensor,https://learn.forwardedu.com/ph-probe/,S86927-23136-27837-78128 S19620-59854-04749-93060 S48420-35983-71301-79480,fwd-smart-hydroponics=forward-education/pxt-smart-hydroponics#v1.2.0,v1.9.38,after re-pin,https://learn.forwardedu.com/wp-content/uploads/2026/02/Tutorials-PH-Probe.jpg,13,0,en,yes,
learn.forwardedu.com post,24816,Dimming Lights for Hydroponics,project,Smart Hydroponics,Beginner,Beginner;Coding Activity;Hydroponics Kit,https://learn.forwardedu.com/dimming-lights-for-hydroponics/,S00002-60075-12901-37437,fwd-smart-hydroponics=forward-education/pxt-smart-hydroponics#v1.2.0,v1.9.38,after re-pin,https://learn.forwardedu.com/wp-content/uploads/2026/02/Chuck-a-Duck-Thumbnail-04.jpg,3,0,en,yes,
learn.forwardedu.com post,24818,Automatic Light Timer for Hydroponics,project,Smart Hydroponics,Beginner,Beginner;Coding Activity;Hydroponics Kit,https://learn.forwardedu.com/automatic-light-timer-for-hydroponics/,S51781-30199-69061-11049,fwd-smart-hydroponics=forward-education/pxt-smart-hydroponics#v1.2.0,v1.9.38,after re-pin,https://learn.forwardedu.com/wp-content/uploads/2026/02/Project-Automatic-Light-Timer-for-Hydroponics-05.jpg,3,0,en,yes,
learn.forwardedu.com post,28145,3D Printed micro:bit Holders,project,Design (no code),,3D Printing,https://learn.forwardedu.com/3d-printed-microbit-holders/,,,,n/a,https://learn.forwardedu.com/wp-content/uploads/2025/12/Blog_Thumbnail_copy_49403347-e77b-49a2-87bf-7fa278e6ce75-2628020.webp,7,1,en,no,"no MakeCode code (video, assembly or design)"
learn.forwardedu.com post,27958,Crossing Guard AI Station,project,AI: CreateAI,,CHARGE for micro:bit;Climate Action Kit;Smart Soldering Kit,https://learn.forwardedu.com/crossing-guard-ai-station/,S23471-90618-81728-92459 S65170-29890-80836-40390,all-fwd-blocks=forward-education/pxt-all-fwd-blocks#v1.2.0 machine-learning=microbit-foundation/pxt-microbit-ml#v1.0.14,v1.9.38,no: machine-learning has C++,https://learn.forwardedu.com/wp-content/uploads/2025/12/CrossingGuard-Thumbnail-04.jpg,6,1,en,no,"needs CreateAI (microbit.org) and machine-learning, which will not download"
learn.forwardedu.com post,27881,Chuck-a-Duck CreateAI Game,project,AI: CreateAI,Beginner,Beginner;CHARGE for micro:bit;Coding Activity,https://learn.forwardedu.com/chuck-a-duck-createai-game/,S28125-11575-16626-25308 S44945-15378-63561-13860 S54933-80077-63701-21843,machine-learning=microbit-foundation/pxt-microbit-ml#v1.0.14,,no: machine-learning has C++,https://learn.forwardedu.com/wp-content/uploads/2025/11/Chuck-a-Duck-Thumbnail-Project-03.jpg,6,3,en,no,"needs CreateAI (microbit.org) and machine-learning, which will not download"
learn.forwardedu.com post,26469,Low-Water Alarm for Hydroponics,project,Smart Hydroponics,Beginner,Beginner;Coding Activity;Hydroponics Kit,https://learn.forwardedu.com/low-water-alarm-for-hydroponics/,S47515-68203-49655-81848,fwd-smart-hydroponics=forward-education/pxt-smart-hydroponics#v1.2.0,v1.9.38,after re-pin,https://learn.forwardedu.com/wp-content/uploads/2025/08/water-alarm-project-thumbnail.jpg,6,0,en,yes,
learn.forwardedu.com post,24815,Water Recirculation for Hydroponics,project,Smart Hydroponics,Intermediate,Coding Activity;Hydroponics Kit;Intermediate,https://learn.forwardedu.com/water-recirculation-for-hydroponics/,S19886-25639-88145-36973 S20129-10615-46780-11719,fwd-smart-hydroponics=forward-education/pxt-smart-hydroponics#v1.2.0 fwd-smart-soldering=forward-education/pxt-smart-soldering#v1.2.0,v1.9.38,after re-pin,https://learn.forwardedu.com/wp-content/uploads/2025/08/water-recirculation-project-thumbnail.jpg,7,0,en,yes,
learn.forwardedu.com post,24799,LED Lights,tutorial,Smart Hydroponics,,Hydroponics Kit;Sensor,https://learn.forwardedu.com/led-lights/,S94614-53602-20264-50659 S38882-20415-60178-04925,fwd-smart-hydroponics=forward-education/pxt-smart-hydroponics#v1.2.0,v1.9.38,after re-pin,https://learn.forwardedu.com/wp-content/uploads/2025/09/LED-light-tutorial-thumbnail.jpg,12,0,en,yes,
learn.forwardedu.com post,26458,Auto-Refill Hydroponics Reservoir,project,Smart Hydroponics,Intermediate,Coding Activity;Hydroponics Kit;Intermediate,https://learn.forwardedu.com/auto-refill-hydroponics-reservoir/,S46563-42145-89523-10471,fwd-smart-hydroponics=forward-education/pxt-smart-hydroponics#v1.2.0,v1.9.38,after re-pin,https://learn.forwardedu.com/wp-content/uploads/2025/08/auto-refill-project-thumbnail.jpg,5,0,en,yes,
learn.forwardedu.com post,24792,Float Sensor,tutorial,Smart Hydroponics,,Hydroponics Kit;Sensor,https://learn.forwardedu.com/float-sensor/,S89155-06824-00458-10707 S07774-16855-93816-55157 S42338-46319-53384-64467,fwd-smart-hydroponics=forward-education/pxt-smart-hydroponics#v1.2.0,v1.9.38,after re-pin,https://learn.forwardedu.com/wp-content/uploads/2025/09/float-switch-tutorial-thumbnail-1.jpg,14,0,en,yes,
learn.forwardedu.com post,24801,Peristaltic Water Pump,tutorial,Smart Hydroponics,,Hydroponics Kit,https://learn.forwardedu.com/peristaltic-pump/,S34388-57933-60743-18536 S15758-90103-33948-46661 S76133-45531-74126-47858,all-fwd-blocks=forward-education/pxt-all-fwd-blocks#v1.2.0,v1.9.38,after re-pin,https://learn.forwardedu.com/wp-content/uploads/2025/09/peristaltic-pump-tutorial-thumbnail.jpg,17,0,en,yes,
learn.forwardedu.com post,26508,Maximize Garden Space with a Trellis,project,Design (no code),Beginner,Beginner;Design Activity;Laser Cut,https://learn.forwardedu.com/maximize-garden-space-with-a-trellis/,,,,n/a,https://learn.forwardedu.com/wp-content/uploads/2025/08/plant-trellis-project-thumbnail.jpg,7,0,en,no,"no MakeCode code (video, assembly or design)"
learn.forwardedu.com post,26593,Robot Tour,project,Robot Tour,Intermediate,Coding Activity;Intermediate,https://learn.forwardedu.com/robot-tour/,S89570-64988-69068-85683,fwd-robot-tour=Forward-Education/pxt-robot-tour#v1.0.2,v1.9.38,after re-pin,https://learn.forwardedu.com/wp-content/uploads/2025/08/robot-tour-project-thumbnail.jpg,1,0,en,yes,
learn.forwardedu.com post,26516,Training a Machine Learning Model with CreateAI,tutorial,AI: CreateAI,,AI;CHARGE for micro:bit,https://learn.forwardedu.com/createai-training/,,,,n/a,https://learn.forwardedu.com/wp-content/uploads/2025/08/createai-tutorial-thumbnail.jpg,13,1,en,no,"needs CreateAI (microbit.org) and machine-learning, which will not download"
learn.forwardedu.com post,26718,Using a CreateAI Model in MakeCode,tutorial,AI: CreateAI,,AI;CHARGE for micro:bit,https://learn.forwardedu.com/using-a-createai-model-in-makecode/,,,,n/a,https://learn.forwardedu.com/wp-content/uploads/2025/08/createai-makecode-tutorial-thumbnail.jpg,8,1,en,no,"needs CreateAI (microbit.org) and machine-learning, which will not download"
learn.forwardedu.com post,26175,CreateAI Robot Friend,project,AI: CreateAI,Intermediate,AI;CHARGE for micro:bit;Climate Action Kit;Coding Activity;Coding for Good Kit;Intermediate,https://learn.forwardedu.com/createai-robot-friend/,S19699-65843-13022-58393,pxt-fwd-edu=climate-action-kits/pxt-fwd-edu#v1.51.1,head v1.9.28,after re-pin,https://learn.forwardedu.com/wp-content/uploads/2025/08/createai-robot-project-thumbnail-1.jpg,6,0,en,no,"needs CreateAI (microbit.org) and machine-learning, which will not download"
learn.forwardedu.com post,26293,Design a Wampum Belt,project,Climate Action Kit,Beginner,AISES;Beginner;Climate Action Kit;Coding Activity;Coding for Good Kit;Design Activity,https://learn.forwardedu.com/wampum-belt/,S69448-51434-01574-98251 S56265-71458-72987-78246,pxt-fwd-edu=climate-action-kits/pxt-fwd-edu#v1.51.1,head v1.9.28,after re-pin,https://learn.forwardedu.com/wp-content/uploads/2025/07/wampum-belt-project-thumbnail-FIIRE.jpg,12,0,en,yes,
learn.forwardedu.com post,25531,Monitoring the Ha:shañ,project,Climate Action Kit,Beginner,AISES;Beginner;Climate Action Kit;Coding Activity,https://learn.forwardedu.com/monitoring-the-hashan/,S15736-76550-71528-60320,pxt-fwd-edu=climate-action-kits/pxt-fwd-edu#v1.46.2,head v1.9.28,after re-pin,https://learn.forwardedu.com/wp-content/uploads/2025/06/monitoring-hashan-project-thumbnail-FIIRE.jpg,9,0,en,yes,
learn.forwardedu.com post,26191,Tracking Seedlings with Plant Stakes,project,Climate Action Kit,Beginner,Beginner;Design Activity;Laser Cut,https://learn.forwardedu.com/tracking-seedlings-with-plant-stakes/,S16061-74845-13429-98095,fwd-edu-breakout=climate-action-kits/pxt-fwd-edu/fwd-breakout fwd-edu-common=climate-action-kits/pxt-fwd-edu/fwd-common fwd-edu-dial=climate-action-kits/pxt-fwd-edu/fwd-dial fwd-edu-led=climate-action-kits/pxt-fwd-edu/fwd-led fwd-edu-line=climate-action-kits/pxt-fwd-edu/fwd-line fwd-edu-moisture=climate-action-kits/pxt-fwd-edu/fwd-moisture fwd-edu-solar=climate-action-kits/pxt-fwd-edu/fwd-solar fwd-edu-sonar=climate-action-kits/pxt-fwd-edu/fwd-sonar fwd-edu-touch=climate-action-kits/pxt-fwd-edu/fwd-touch jacdac=microsoft/pxt-jacdac#v1.9.28 ledRing=climate-action-kits/pxt-fwd-edu,head v1.9.28,after re-pin,https://learn.forwardedu.com/wp-content/uploads/2025/08/plant-stakes-project-thumbnail.jpg,9,0,en,yes,
learn.forwardedu.com post,24795,Soldering the Smart Solder Component,tutorial,Smart Soldering,,Smart Soldering Kit,https://learn.forwardedu.com/soldering-the-smart-solder-component/,,,,n/a,https://learn.forwardedu.com/wp-content/uploads/2025/07/soldering-tutorial-thumbnail.jpg,4,1,en,no,"no MakeCode code (video, assembly or design)"
learn.forwardedu.com post,25975,MicroCode Bee Tracker,project,CodeCTRL / MicroCode / Arcade,Beginner,Beginner;Climate Action Kit;codectrl;Coding Activity,https://learn.forwardedu.com/microcode-bee-tracker/,,,,n/a,https://learn.forwardedu.com/wp-content/uploads/2025/07/Bee-Tracker-Project-Thumbnail-1.jpg,8,0,en,no,"MicroCode or Arcade, not the micro:bit editor"
learn.forwardedu.com post,25564,Solar Data Logger,project,Smart Solar,Intermediate,Climate Action Kit;Coding Activity;Intermediate;Smart Solar Energy Kit,https://learn.forwardedu.com/solar-data-logger/,S76416-30278-25069-92860,fwd-all=Forward-Education/pxt-fwd-all#v1.0.1,v1.9.38,after re-pin,https://learn.forwardedu.com/wp-content/uploads/2025/07/Solar-Data-Logger-Project-Thumbnail-scaled.jpg,10,0,en,yes,
learn.forwardedu.com post,25565,Solar-Powered USB Device,project,Smart Solar,Beginner,Beginner;Coding Activity;Smart Solar Energy Kit,https://learn.forwardedu.com/solar-powered-usb-device/,,,,n/a,https://learn.forwardedu.com/wp-content/uploads/2025/07/Solar-Powered-USB-Project-Thumbnail-copy-2.jpg,6,0,en,no,"no MakeCode code (video, assembly or design)"
learn.forwardedu.com post,26491,Visualize Electricity Flow with a Current Monitor,project,Smart Solar,Beginner,Beginner;Climate Action Kit;Coding Activity;Smart Solar Energy Kit,https://learn.forwardedu.com/visualize-electricity-flow-with-a-current-monitor/,S20524-13133-43912-11955,fwd-smart-solar=forward-education/pxt-smart-solar#v1.2.4,v1.9.38,after re-pin,https://learn.forwardedu.com/wp-content/uploads/2025/07/Visualizing-Electricity-Flow-Project-Thumbnail-copy-2.jpg,5,0,en,yes,
learn.forwardedu.com post,25526,Turbine Speed Indicator With Smart Soldering Kit,project,Smart Soldering,Beginner,Beginner;Climate Action Kit;Coding Activity;Smart Soldering Kit,https://learn.forwardedu.com/turbine-speed-indicator-with-smart-soldering-kit/,S70922-58753-98576-05933 S77670-17632-02787-52126,all-fwd-blocks=forward-education/pxt-all-fwd-blocks#v2.0.0 fwd-edu-common=climate-action-kits/pxt-fwd-edu/fwd-common pxt-fwd-all=Forward-Education/pxt-fwd-all#9e7170d61993e9f80bea39496afd9fe8470fec34,v1.9.41,yes as-is,https://learn.forwardedu.com/wp-content/uploads/2025/06/Trubine-Speed-Indicator-Project-Thumbnail-1-scaled.jpg,5,0,en,yes,
learn.forwardedu.com post,24796,Coding the Smart Solder Component,tutorial,Smart Soldering,,Smart Soldering Kit,https://learn.forwardedu.com/coding-the-smart-solder-component/,S02011-23057-00069-38528 S26853-33015-90489-36250 S70124-44422-31815-57512 S01483-89696-03829-67623 S55002-12230-99448-97305,fwd-smart-soldering=forward-education/pxt-smart-soldering#v1.2.0,v1.9.38,after re-pin,https://learn.forwardedu.com/wp-content/uploads/2025/06/Coding-Smart-Soldering-Component-Tutorial-Thumbnail_compressed-scaled.jpg,16,0,en,yes,
learn.forwardedu.com post,25419,Smart Crosswalk with Smart Soldering Kit,project,Smart Soldering,Intermediate,Climate Action Kit;Coding Activity;Intermediate;Smart Soldering Kit,https://learn.forwardedu.com/smart-crosswalk-with-smart-soldering-kit/,S27974-17419-81633-41786 S95853-17037-32353-35494,all-fwd-blocks=forward-education/pxt-all-fwd-blocks#v2.0.0 pxt-fwd-all=Forward-Education/pxt-fwd-all#9e7170d61993e9f80bea39496afd9fe8470fec34,v1.9.41,yes as-is,https://learn.forwardedu.com/wp-content/uploads/2025/06/Crosswalk-Project-Thumbnail_compressed.jpg,6,0,en,yes,
learn.forwardedu.com post,25418,Traffic Lights with Smart Soldering Kit,project,Smart Soldering,Beginner,Beginner;Climate Action Kit;Coding Activity;Smart Soldering Kit,https://learn.forwardedu.com/traffic-lights-with-smart-soldering-kit/,S38991-52316-63687-93628 S23111-84859-73063-53675,all-fwd-blocks=forward-education/pxt-all-fwd-blocks#v2.0.0 pxt-fwd-all=Forward-Education/pxt-fwd-all#9e7170d61993e9f80bea39496afd9fe8470fec34,v1.9.41,yes as-is,https://learn.forwardedu.com/wp-content/uploads/2025/06/TrafficLight-Project-Thumbnail-1-scaled.jpg,6,0,en,yes,
learn.forwardedu.com post,25754,Guitar with CHARGE Power Pack,project,CHARGE for micro:bit,Beginner,Beginner;CHARGE for micro:bit;Design Activity;Laser Cut,https://learn.forwardedu.com/guitar-with-charge-power-pack/,S33343-87413-09370-34032,,,yes as-is,https://learn.forwardedu.com/wp-content/uploads/2025/06/Guitar-Project-Thumbnail-copy_compressed.jpg,18,0,en,yes,
learn.forwardedu.com post,25497,Energy Sensor,tutorial,Smart Solar,,Sensor;Smart Solar Energy Kit,https://learn.forwardedu.com/energy-sensor/,S96595-31703-98435-81472 S65025-88443-76550-42568 S25811-58917-88611-45476 S75545-59075-10162-40465,fwd-smart-solar=forward-education/pxt-smart-solar#v1.0.4 fwd-smart-solar=forward-education/pxt-smart-solar#v1.2.4,v1.9.38 v1.9.32,after re-pin,https://learn.forwardedu.com/wp-content/uploads/2025/06/Components-Thumbnails-EnergySensor-scaled.jpg,16,0,en,yes,
learn.forwardedu.com post,24518,Downloading MicroCode to your micro:bit,tutorial,CodeCTRL / MicroCode / Arcade,,codectrl;MicroCode,https://learn.forwardedu.com/downloading-microcode-to-microbit/,,,,n/a,https://learn.forwardedu.com/wp-content/uploads/2025/06/Downloading-MicroCode-Vid-Thumbnail-2.png,10,1,en,no,"MicroCode or Arcade, not the micro:bit editor"
learn.forwardedu.com post,24521,Introduction to MicroCode,tutorial,CodeCTRL / MicroCode / Arcade,,codectrl;MicroCode,https://learn.forwardedu.com/introduction-to-microcode/,,,,n/a,https://learn.forwardedu.com/wp-content/uploads/2025/05/CodeCTRL-Thumbnails-MicroCode-scaled.jpg,14,0,en,no,"MicroCode or Arcade, not the micro:bit editor"
learn.forwardedu.com post,24647,Writing When-Do Rules in MicroCode,tutorial,CodeCTRL / MicroCode / Arcade,,codectrl;MicroCode,https://learn.forwardedu.com/writing-when-do-rules-in-microcode/,,,,n/a,https://learn.forwardedu.com/wp-content/uploads/2025/05/CodeCTRL-Thumbnails-MicroCode-When-Do-scaled.jpg,21,0,en,no,"MicroCode or Arcade, not the micro:bit editor"
learn.forwardedu.com post,24496,Recycle Rush with MakeCode Arcade,project,CodeCTRL / MicroCode / Arcade,,codectrl;Coding Activity;MakeCode Arcade,https://learn.forwardedu.com/recycle-rush/,,,,n/a,https://learn.forwardedu.com/wp-content/uploads/2025/06/CodeCTRL-01-scaled.jpg,6,0,en,no,"MicroCode or Arcade, not the micro:bit editor"
learn.forwardedu.com post,24490,Playing MakeCode Arcade Games on CodeCTRL,tutorial,CodeCTRL / MicroCode / Arcade,,codectrl;MakeCode Arcade,https://learn.forwardedu.com/playing-makecode-arcade-games-on-codectrl/,,,,n/a,https://learn.forwardedu.com/wp-content/uploads/2025/05/Tutorial-CodeCTRL-WithoutPlayButton-scaled.jpg,6,1,en,no,"MicroCode or Arcade, not the micro:bit editor"
learn.forwardedu.com post,24463,CHARGE for micro:bit Assembly & Removal Guide,tutorial,CHARGE for micro:bit,,CHARGE for micro:bit,https://learn.forwardedu.com/charge-for-microbit-assembly-guide/,,,,n/a,https://learn.forwardedu.com/wp-content/uploads/2025/04/CHARGEformicrobitAssemblyGuide_Thumbnail-scaled.jpg,8,2,en,no,"no MakeCode code (video, assembly or design)"
learn.forwardedu.com post,21853,MakeCode Simulators Overview,tutorial,Climate Action Kit,,Climate Action Kit;MakeCode,https://learn.forwardedu.com/simulators-overview/,,,,n/a,https://learn.forwardedu.com/wp-content/uploads/2024/11/simulators-overview-thumbnail.webp,1,1,en,no,"no MakeCode code (video, assembly or design)"
learn.forwardedu.com post,21662,Indoor-Outdoor Thermometer with CHARGE Power Pack,project,CHARGE for micro:bit,,CHARGE for micro:bit;Coding Activity,https://learn.forwardedu.com/thermometer/,_dF4Hu7ag6a89 _JaveavKMHPkg,,,yes as-is,https://learn.forwardedu.com/wp-content/uploads/2024/11/project-thermometer-thumbnail-1.webp,4,0,en,yes,
learn.forwardedu.com post,21496,Hot-Cold Game with CHARGE Power Pack,project,CHARGE for micro:bit,,CHARGE for micro:bit;Coding Activity,https://learn.forwardedu.com/hot-and-cold-game/,_U2fHML0aUaRR _aPE3upLLMX4A,,,yes as-is,https://learn.forwardedu.com/wp-content/uploads/2024/11/project-hot-cold-game-thumbnail-1.webp,4,0,en,yes,
learn.forwardedu.com post,21416,Adding Forward Education Extensions for Open-Ended Coding,tutorial,Climate Action Kit,,Climate Action Kit;MakeCode,https://learn.forwardedu.com/coding-without-a-lesson/,,,,n/a,https://learn.forwardedu.com/wp-content/uploads/2024/11/without-tutorial-thumbnail.webp,8,0,en,no,"no MakeCode code (video, assembly or design)"
learn.forwardedu.com post,21299,Hydration Alert with CHARGE Power Pack,project,CHARGE for micro:bit,,CHARGE for micro:bit;Coding Activity,https://learn.forwardedu.com/hydration-alert/,_L943LJEjEiWU _FUjdKXHy6bFR,,,yes as-is,https://learn.forwardedu.com/wp-content/uploads/2024/11/project-hydration-alert-thumbnail.webp,4,0,en,yes,
learn.forwardedu.com post,20960,Positional Servo,tutorial,Climate Action Kit,,Climate Action Kit;Servo,https://learn.forwardedu.com/positional-servo/,,,,n/a,https://learn.forwardedu.com/wp-content/uploads/2024/11/servo-positional-thumbnail.webp,15,1,en,no,"no MakeCode code (video, assembly or design)"
learn.forwardedu.com post,20969,Submersible Water Pump,tutorial,Climate Action Kit,,Climate Action Kit,https://learn.forwardedu.com/water-pump/,S34388-57933-60743-18536 S15758-90103-33948-46661 S76133-45531-74126-47858,all-fwd-blocks=forward-education/pxt-all-fwd-blocks#v1.2.0,v1.9.38,after re-pin,https://learn.forwardedu.com/wp-content/uploads/2024/11/water-pump-thumbnail.webp,14,1,en,yes,
learn.forwardedu.com post,20967,Continuous Servo,tutorial,Climate Action Kit,,Climate Action Kit;Servo,https://learn.forwardedu.com/continuous-servo/,,,,n/a,https://learn.forwardedu.com/wp-content/uploads/2024/11/servo-continuous-thumbnail.webp,15,1,en,no,"no MakeCode code (video, assembly or design)"
learn.forwardedu.com post,20771,Kick Power Tracker with CHARGE Power Pack,project,CHARGE for micro:bit,,CHARGE for micro:bit;Coding Activity,https://learn.forwardedu.com/kick-strength/,_cakT8Cgb4FTD _dTKeXEAP9AwX,,,yes as-is,https://learn.forwardedu.com/wp-content/uploads/2024/11/project-kick-power-thumbnail.webp,5,0,en,yes,
learn.forwardedu.com post,20683,Rock-Paper-Scissors with CHARGE Power Pack,project,CHARGE for micro:bit,,CHARGE for micro:bit;Coding Activity,https://learn.forwardedu.com/rock-paper-scissors/,_aPE3upLLMX4A,,,yes as-is,https://learn.forwardedu.com/wp-content/uploads/2024/11/project-RPS-thumbnail.webp,4,0,en,yes,
learn.forwardedu.com post,20651,Water Bottle Signal with CHARGE Power Pack,project,CHARGE for micro:bit,,CHARGE for micro:bit;Coding Activity,https://learn.forwardedu.com/water-bottle-signal/,_cJyXssJRKDw4,,,yes as-is,https://learn.forwardedu.com/wp-content/uploads/2024/11/project-waterbottle-alert-thumbnail.webp,5,0,en,yes,
learn.forwardedu.com post,20624,Compass with CHARGE Power Pack,project,CHARGE for micro:bit,,CHARGE for micro:bit;Coding Activity,https://learn.forwardedu.com/compass/,_18xUqXUjfbY9,,,yes as-is,https://learn.forwardedu.com/wp-content/uploads/2024/11/project-compass-thumbnail.webp,5,0,en,yes,
learn.forwardedu.com post,20560,Step Counter with CHARGE Power Pack,project,CHARGE for micro:bit,,CHARGE for micro:bit;codectrl;Coding Activity;MicroCode,https://learn.forwardedu.com/step-counter/,S48172-76603-39345-49654,,,yes as-is,https://learn.forwardedu.com/wp-content/uploads/2024/11/project-step-counter-thumbnail.webp,7,0,en,yes,
learn.forwardedu.com post,19151,Customize Your Automated Watering Station,project,Design (no code),,Climate Action Kit;Coding for Good Kit;Design Activity,https://learn.forwardedu.com/save-water-and-space-by-customizing-your-automated-watering-station/,,,,n/a,https://learn.forwardedu.com/wp-content/uploads/2024/07/Project-Farming-Thumbnail.webp,5,1,en,no,"no MakeCode code (video, assembly or design)"
learn.forwardedu.com post,19137,Design Your Own Tree Seeding Truck,project,Design (no code),,Climate Action Kit;Design Activity,https://learn.forwardedu.com/design-your-own-tree-seeding-truck/,,,,n/a,https://learn.forwardedu.com/wp-content/uploads/2024/07/Project-Tree-Seeder-Thumbnail.webp,8,1,en,no,"no MakeCode code (video, assembly or design)"
learn.forwardedu.com post,19154,Optimize Potential Wind Capture with Custom Blades,project,Design (no code),,Climate Action Kit;Design Activity,https://learn.forwardedu.com/optimize-potential-wind-capture-with-custom-blades/,,,,n/a,https://learn.forwardedu.com/wp-content/uploads/2024/07/Project-Wind-Turbine-Thumbnail.webp,6,1,en,no,"no MakeCode code (video, assembly or design)"
learn.forwardedu.com post,19121,Make Your Solar Panel Look Like the Real World Version,project,Design (no code),,Climate Action Kit;Design Activity,https://learn.forwardedu.com/make-your-solar-panel-look-like-the-real-world-version/,,,,n/a,https://learn.forwardedu.com/wp-content/uploads/2024/07/Project-Solar-Thumbnail.webp,4,1,en,no,"no MakeCode code (video, assembly or design)"
learn.forwardedu.com post,19107,Design the Future of Electric Vehicles,project,Design (no code),,Climate Action Kit;Design Activity,https://learn.forwardedu.com/design-the-future-of-electric-vehicles/,,,,n/a,https://learn.forwardedu.com/wp-content/uploads/2024/07/Project-Electric-Car-Thumbnail.webp,7,1,en,no,"no MakeCode code (video, assembly or design)"
learn.forwardedu.com post,19094,Bring Your Pollinator Garden to Life,project,Design (no code),,Climate Action Kit;Design Activity,https://learn.forwardedu.com/bring-your-pollinator-garden-to-life/,,,,n/a,https://learn.forwardedu.com/wp-content/uploads/2024/07/Project-Bee-Counter-Thumbnail.webp,8,1,en,no,"no MakeCode code (video, assembly or design)"
learn.forwardedu.com post,18799,Solar Sensor,tutorial,Climate Action Kit,,Climate Action Kit;Sensor,https://learn.forwardedu.com/solar-sensor/,,,,n/a,https://learn.forwardedu.com/wp-content/uploads/2024/11/solar-sensor-thumbnail.webp,13,1,en,no,"no MakeCode code (video, assembly or design)"
learn.forwardedu.com post,18806,Sonar Sensor,tutorial,Climate Action Kit,,Climate Action Kit;Sensor,https://learn.forwardedu.com/sonar-sensor/,,,,n/a,https://learn.forwardedu.com/wp-content/uploads/2024/11/sonar-sensor-thumbnail.webp,13,1,en,no,"no MakeCode code (video, assembly or design)"
learn.forwardedu.com post,18789,LED Ring,tutorial,Climate Action Kit,,Climate Action Kit;Sensor,https://learn.forwardedu.com/led-ring/,,,,n/a,https://learn.forwardedu.com/wp-content/uploads/2024/11/led-ring-thumbnail.webp,19,1,en,no,"no MakeCode code (video, assembly or design)"
learn.forwardedu.com post,18779,Rotary Dial,tutorial,Climate Action Kit,,Climate Action Kit;Sensor,https://learn.forwardedu.com/dial/,_MAu1vz6LM3vW,pxt-fwd-edu=climate-action-kits/pxt-fwd-edu#v1.27.0,head v1.9.28,after re-pin,https://learn.forwardedu.com/wp-content/uploads/2024/11/dial-sensor-thumbnail.webp,4,1,en,yes,
learn.forwardedu.com post,18814,Line Sensor,tutorial,Climate Action Kit,,Climate Action Kit;Sensor,https://learn.forwardedu.com/line-sensor/,_2wU1TKC73cFk,pxt-fwd-edu=climate-action-kits/pxt-fwd-edu#v1.27.0,head v1.9.28,after re-pin,https://learn.forwardedu.com/wp-content/uploads/2024/11/line-sensor-thumbnail.webp,4,1,en,yes,
learn.forwardedu.com post,18751,Moisture Sensor,tutorial,Climate Action Kit,,Climate Action Kit;Sensor,https://learn.forwardedu.com/moisture-sensor/,_J6eLDw9biKve,pxt-fwd-edu=climate-action-kits/pxt-fwd-edu#v1.27.0,head v1.9.28,after re-pin,https://learn.forwardedu.com/wp-content/uploads/2024/06/moisture-sensor-thumbnail.webp,4,1,en,yes,
learn.forwardedu.com post,18703,Touch Sensor,tutorial,Climate Action Kit,,Climate Action Kit;Sensor,https://learn.forwardedu.com/touch-sensor/,,,,n/a,https://learn.forwardedu.com/wp-content/uploads/2024/11/touch-sensor-thumbnail.webp,14,1,en,no,"no MakeCode code (video, assembly or design)"
pxt-climate-action v2.0.3,curriculum/adv-agri-5-6-a,Advanced Agriculture,tutorial,Climate Action Kit,,,#tutorial:github:forward-education/pxt-climate-action/curriculum/adv-agri-5-6-a,,fwd-climate-action#v2.0.2,v1.9.41,yes as-is,,,,en fr,no,older or one-off tutorial not paired to a current lesson
pxt-climate-action v2.0.3,curriculum/adv-agri-7-8-a,Smart Farming with Hydroponics & Grow Lights,tutorial,Climate Action Kit,,,#tutorial:github:forward-education/pxt-climate-action/curriculum/adv-agri-7-8-a,,fwd-climate-action#v2.0.2,v1.9.41,yes as-is,,,,en fr,no,older or one-off tutorial not paired to a current lesson
pxt-climate-action v2.0.3,curriculum/advancedagriculture,Smart Farming with Automated Watering,tutorial,Climate Action Kit,,,#tutorial:github:forward-education/pxt-climate-action/curriculum/advancedagriculture,,fwd-climate-action#v2.0.2,v1.9.41,yes as-is,,,,en fr,no,older or one-off tutorial not paired to a current lesson
pxt-climate-action v2.0.3,curriculum/bees-5-6,Bees,tutorial,Climate Action Kit,,,#tutorial:github:forward-education/pxt-climate-action/curriculum/bees-5-6,,fwd-climate-action#v2.0.2,v1.9.41,yes as-is,,,,en fr,no,older or one-off tutorial not paired to a current lesson
pxt-climate-action v2.0.3,curriculum/blank-project,Blank Project,tutorial,Climate Action Kit,,,#tutorial:github:forward-education/pxt-climate-action/curriculum/blank-project,,fwd-climate-action#v2.0.2,v1.9.41,yes as-is,,,,en fr,no,older or one-off tutorial not paired to a current lesson
pxt-climate-action v2.0.3,curriculum/electricvehicle,Electric Vehicle Prototype,tutorial,Climate Action Kit,,,#tutorial:github:forward-education/pxt-climate-action/curriculum/electricvehicle,,fwd-climate-action#v2.0.2,v1.9.41,yes as-is,,,,en fr,no,older or one-off tutorial not paired to a current lesson
pxt-climate-action v2.0.3,curriculum/es-compost-modify,Solar-Powered Compost Tumbler - Modify Tutorial,tutorial,Climate Action Kit,Grade 3-5,,#tutorial:github:forward-education/pxt-climate-action/curriculum/es-compost-modify,,fwd-climate-action#v2.0.2,v1.9.41,yes as-is,,,,en fr,yes,
pxt-climate-action v2.0.3,curriculum/es-compost-use,Solar-Powered Compost Tumbler - Use Tutorial,tutorial,Climate Action Kit,Grade 3-5,,#tutorial:github:forward-education/pxt-climate-action/curriculum/es-compost-use,,fwd-climate-action#v2.0.2,v1.9.41,yes as-is,,,,en fr,yes,
pxt-climate-action v2.0.3,curriculum/es-coralreef-modify,Coral Reef Model - Modify Tutorial,tutorial,Climate Action Kit,Grade 3-5,,#tutorial:github:forward-education/pxt-climate-action/curriculum/es-coralreef-modify,,fwd-climate-action#v2.0.2,v1.9.41,yes as-is,,,,en fr,yes,
pxt-climate-action v2.0.3,curriculum/es-coralreef-use,Coral Reef Model - Use Tutorial,tutorial,Climate Action Kit,Grade 3-5,,#tutorial:github:forward-education/pxt-climate-action/curriculum/es-coralreef-use,,fwd-climate-action#v2.0.2,v1.9.41,yes as-is,,,,en fr,yes,
pxt-climate-action v2.0.3,curriculum/es-landbridge-modify,Safe Animal Crossings - Modify Tutorial,tutorial,Climate Action Kit,Grade 3-5,,#tutorial:github:forward-education/pxt-climate-action/curriculum/es-landbridge-modify,,fwd-climate-action#v2.0.2,v1.9.41,yes as-is,,,,en fr,yes,
pxt-climate-action v2.0.3,curriculum/es-landbridge-use,Safe Animal Crossings - Use Tutorial,tutorial,Climate Action Kit,Grade 3-5,,#tutorial:github:forward-education/pxt-climate-action/curriculum/es-landbridge-use,,fwd-climate-action#v2.0.2,v1.9.41,yes as-is,,,,en fr,yes,
pxt-climate-action v2.0.3,curriculum/es-risingfloodalarm-modify,Forward Education Flood Detection with Coastal Flood Alarms - Modify Tutorial,tutorial,Climate Action Kit,Grade 3-5,,#tutorial:github:forward-education/pxt-climate-action/curriculum/es-risingfloodalarm-modify,,fwd-climate-action#v2.0.2,v1.9.41,yes as-is,,,,en fr,yes,
pxt-climate-action v2.0.3,curriculum/es-risingfloodalarm-use,Forward Education Flood Detection with Coastal Flood Alarms - Use Tutorial,tutorial,Climate Action Kit,Grade 3-5,,#tutorial:github:forward-education/pxt-climate-action/curriculum/es-risingfloodalarm-use,,fwd-climate-action#v2.0.2,v1.9.41,yes as-is,,,,en fr,yes,
pxt-climate-action v2.0.3,curriculum/es-seaweedfarm-modify,Smart Seaweed Farm - Modify Tutorial,tutorial,Climate Action Kit,Grade 3-5,,#tutorial:github:forward-education/pxt-climate-action/curriculum/es-seaweedfarm-modify,,fwd-climate-action#v2.0.2,v1.9.41,yes as-is,,,,en fr,yes,
pxt-climate-action v2.0.3,curriculum/es-seaweedfarm-use,Smart Seaweed Farm - Use Tutorial,tutorial,Climate Action Kit,Grade 3-5,,#tutorial:github:forward-education/pxt-climate-action/curriculum/es-seaweedfarm-use,,fwd-climate-action#v2.0.2,v1.9.41,yes as-is,,,,en fr,yes,
pxt-climate-action v2.0.3,curriculum/es-streetlight-modify,Smart Streetlights - Modify Tutorial,tutorial,Climate Action Kit,Grade 3-5,,#tutorial:github:forward-education/pxt-climate-action/curriculum/es-streetlight-modify,,fwd-climate-action#v2.0.2,v1.9.41,yes as-is,,,,en fr,yes,
pxt-climate-action v2.0.3,curriculum/es-streetlight-use,Smart Streetlights - Use Tutorial,tutorial,Climate Action Kit,Grade 3-5,,#tutorial:github:forward-education/pxt-climate-action/curriculum/es-streetlight-use,,fwd-climate-action#v2.0.2,v1.9.41,yes as-is,,,,en fr,yes,
pxt-climate-action v2.0.3,curriculum/ev-obstacle-py,Autonomous Electric Vehicles of the Future,tutorial,Climate Action Kit,,,#tutorial:github:forward-education/pxt-climate-action/curriculum/ev-obstacle-py,,fwd-climate-action#v2.0.2,v1.9.41,yes as-is,,,,en fr,no,older or one-off tutorial not paired to a current lesson
pxt-climate-action v2.0.3,curriculum/ev-wildfire,Wildfire Tracking with Autonomous Vehicles,tutorial,Climate Action Kit,,,#tutorial:github:forward-education/pxt-climate-action/curriculum/ev-wildfire,,fwd-climate-action#v2.0.2,v1.9.41,yes as-is,,,,en fr,no,older or one-off tutorial not paired to a current lesson
pxt-climate-action v2.0.3,curriculum/glaciers,Monitoring Glaciers,tutorial,Climate Action Kit,,,#tutorial:github:forward-education/pxt-climate-action/curriculum/glaciers,,fwd-climate-action#v2.0.2,v1.9.41,yes as-is,,,,en fr,no,older or one-off tutorial not paired to a current lesson
pxt-climate-action v2.0.3,curriculum/gr11-electriccar-modify,Autonomous Electric Vehicles of the Future - Modify Tutorial,tutorial,Climate Action Kit,Grade 11-12,,#tutorial:github:forward-education/pxt-climate-action/curriculum/gr11-electriccar-modify,,fwd-climate-action#v2.0.2,v1.9.41,yes as-is,,,,en fr,yes,
pxt-climate-action v2.0.3,curriculum/gr11-electriccar-use,Autonomous Electric Vehicles of the Future - Use Tutorial,tutorial,Climate Action Kit,Grade 11-12,,#tutorial:github:forward-education/pxt-climate-action/curriculum/gr11-electriccar-use,,fwd-climate-action#v2.0.2,v1.9.41,yes as-is,,,,en fr,yes,
pxt-climate-action v2.0.3,curriculum/gr3-forcewind-modify,The Powerful Force of Wind - Modify Tutorial,tutorial,Climate Action Kit,Grade 3-5,,#tutorial:github:forward-education/pxt-climate-action/curriculum/gr3-forcewind-modify,,fwd-climate-action#v2.0.2,v1.9.41,yes as-is,,,,en fr,yes,
pxt-climate-action v2.0.3,curriculum/gr3-forcewind-use,The Powerful Force of Wind - Use Tutorial,tutorial,Climate Action Kit,Grade 3-5,,#tutorial:github:forward-education/pxt-climate-action/curriculum/gr3-forcewind-use,,fwd-climate-action#v2.0.2,v1.9.41,yes as-is,,,,en fr,yes,
pxt-climate-action v2.0.3,curriculum/gr3-wind-lvl1,Powering the Future with Wind Energy,tutorial,Climate Action Kit,Grade 3-5,,#tutorial:github:forward-education/pxt-climate-action/curriculum/gr3-wind-lvl1,,fwd-climate-action#v2.0.2,v1.9.41,yes as-is,,,,en fr,no,older or one-off tutorial not paired to a current lesson
pxt-climate-action v2.0.3,curriculum/gr3-wind-lvl2,Powering the Future with Wind Energy,tutorial,Climate Action Kit,Grade 3-5,,#tutorial:github:forward-education/pxt-climate-action/curriculum/gr3-wind-lvl2,,fwd-climate-action#v2.0.2,v1.9.41,yes as-is,,,,en fr,no,older or one-off tutorial not paired to a current lesson
pxt-climate-action v2.0.3,curriculum/gr4-bee-modify,Tracking Pollinators with a Bee Counter,tutorial,Climate Action Kit,Grade 3-5,,#tutorial:github:forward-education/pxt-climate-action/curriculum/gr4-bee-modify,,fwd-climate-action#v2.0.2,v1.9.41,yes as-is,,,,en fr,yes,
pxt-climate-action v2.0.3,curriculum/gr4-bee-use,Tracking Pollinators with a Bee Counter,tutorial,Climate Action Kit,Grade 3-5,,#tutorial:github:forward-education/pxt-climate-action/curriculum/gr4-bee-use,,fwd-climate-action#v2.0.2,v1.9.41,yes as-is,,,,en fr,yes,
pxt-climate-action v2.0.3,curriculum/gr4-bees-lvl1,Protecting Pollinators with a Bee Counter,tutorial,Climate Action Kit,Grade 3-5,,#tutorial:github:forward-education/pxt-climate-action/curriculum/gr4-bees-lvl1,,fwd-climate-action#v2.0.2,v1.9.41,yes as-is,,,,en fr,no,older or one-off tutorial not paired to a current lesson
pxt-climate-action v2.0.3,curriculum/gr4-bees-lvl2,Monitoring Bees and Pollination with a Bug Counter,tutorial,Climate Action Kit,Grade 3-5,,#tutorial:github:forward-education/pxt-climate-action/curriculum/gr4-bees-lvl2,,fwd-climate-action#v2.0.2,v1.9.41,yes as-is,,,,en fr,no,older or one-off tutorial not paired to a current lesson
pxt-climate-action v2.0.3,curriculum/gr5-wind-lvl1,Step 1,tutorial,Climate Action Kit,Grade 3-5,,#tutorial:github:forward-education/pxt-climate-action/curriculum/gr5-wind-lvl1,,fwd-climate-action#v2.0.2,v1.9.41,yes as-is,,,,en fr,no,older or one-off tutorial not paired to a current lesson
pxt-climate-action v2.0.3,curriculum/gr6-glaciers-modify,Glacier Tracking with Satellites - Modify Tutorial,tutorial,Climate Action Kit,Grade 6-8,,#tutorial:github:forward-education/pxt-climate-action/curriculum/gr6-glaciers-modify,,fwd-climate-action#v2.0.2,v1.9.41,yes as-is,,,,en fr,yes,
pxt-climate-action v2.0.3,curriculum/gr6-glaciers-use,Glacier Tracking with Satellites - Use Tutorial,tutorial,Climate Action Kit,Grade 6-8,,#tutorial:github:forward-education/pxt-climate-action/curriculum/gr6-glaciers-use,,fwd-climate-action#v2.0.2,v1.9.41,yes as-is,,,,en fr,yes,
pxt-climate-action v2.0.3,curriculum/gr68-turtles-modify,Turtle-safe Beach Lights - Modify Tutorial,tutorial,Climate Action Kit,Grade 6-8,,#tutorial:github:forward-education/pxt-climate-action/curriculum/gr68-turtles-modify,,fwd-climate-action#v2.0.2,v1.9.41,yes as-is,,,,en fr,yes,
pxt-climate-action v2.0.3,curriculum/gr68-turtles-use,Turtle-safe Beach Lights - Use Tutorial,tutorial,Climate Action Kit,Grade 6-8,,#tutorial:github:forward-education/pxt-climate-action/curriculum/gr68-turtles-use,,fwd-climate-action#v2.0.2,v1.9.41,yes as-is,,,,en fr,yes,
pxt-climate-action v2.0.3,curriculum/gr7-wildfire-modify,Wildfire Detection with Autonomous Vehicles - Modify,tutorial,Climate Action Kit,Grade 6-8,,#tutorial:github:forward-education/pxt-climate-action/curriculum/gr7-wildfire-modify,,fwd-climate-action#v2.0.2,v1.9.41,yes as-is,,,,en fr,yes,
pxt-climate-action v2.0.3,curriculum/gr7-wildfire-use,Wildfire Detection with Autonomous Vehicles - Use,tutorial,Climate Action Kit,Grade 6-8,,#tutorial:github:forward-education/pxt-climate-action/curriculum/gr7-wildfire-use,,fwd-climate-action#v2.0.2,v1.9.41,yes as-is,,,,en fr,yes,
pxt-climate-action v2.0.3,curriculum/gr8-smartfarming-modify,Data-Driven Smart Farm - Modify Tutorial,tutorial,Climate Action Kit,Grade 6-8,,#tutorial:github:forward-education/pxt-climate-action/curriculum/gr8-smartfarming-modify,,fwd-climate-action#v2.0.2,v1.9.41,yes as-is,,,,en fr,yes,
pxt-climate-action v2.0.3,curriculum/gr8-smartfarming-use,Data-driven Smart Farming - Use Tutorial,tutorial,Climate Action Kit,Grade 6-8,,#tutorial:github:forward-education/pxt-climate-action/curriculum/gr8-smartfarming-use,,fwd-climate-action#v2.0.2,v1.9.41,yes as-is,,,,en fr,yes,
pxt-climate-action v2.0.3,curriculum/gr9-treeSeeder-modify,Replanting Our Forests with Automated Tree Seeders - Modify Tutorial,tutorial,Climate Action Kit,Grade 9-10,,#tutorial:github:forward-education/pxt-climate-action/curriculum/gr9-treeSeeder-modify,,fwd-climate-action#v2.0.2,v1.9.41,yes as-is,,,,en fr,yes,
pxt-climate-action v2.0.3,curriculum/gr9-treeSeeder-use,Replanting Our Forests with Automated Tree Seeders - Use Tutorial,tutorial,Climate Action Kit,Grade 9-10,,#tutorial:github:forward-education/pxt-climate-action/curriculum/gr9-treeSeeder-use,,fwd-climate-action#v2.0.2,v1.9.41,yes as-is,,,,en fr,yes,
pxt-climate-action v2.0.3,curriculum/gr9-verticalfarm-modify,Optimizing Plant Growth with LED Grow Lights - Modify Tutorial,tutorial,Climate Action Kit,Grade 9-10,,#tutorial:github:forward-education/pxt-climate-action/curriculum/gr9-verticalfarm-modify,,fwd-climate-action#v2.0.2,v1.9.41,yes as-is,,,,en fr,yes,
pxt-climate-action v2.0.3,curriculum/gr9-verticalfarm-use,Optimizing Plant Growth with LED Grow Lights - Use Tutorial,tutorial,Climate Action Kit,Grade 9-10,,#tutorial:github:forward-education/pxt-climate-action/curriculum/gr9-verticalfarm-use,,fwd-climate-action#v2.0.2,v1.9.41,yes as-is,,,,en fr,yes,
pxt-climate-action v2.0.3,curriculum/hs-autodelivery-modify,Forward Education Smart Warehouse Vehicle - Modify Tutorial,tutorial,Climate Action Kit,Grade 9-12,,#tutorial:github:forward-education/pxt-climate-action/curriculum/hs-autodelivery-modify,,fwd-climate-action#v2.0.2,v1.9.41,yes as-is,,,,en fr,yes,
pxt-climate-action v2.0.3,curriculum/hs-autodelivery-use,Forward Education Smart Warehouse Vehicle - Use Tutorial,tutorial,Climate Action Kit,Grade 9-12,,#tutorial:github:forward-education/pxt-climate-action/curriculum/hs-autodelivery-use,,fwd-climate-action#v2.0.2,v1.9.41,yes as-is,,,,en fr,yes,
pxt-climate-action v2.0.3,curriculum/hs-fishways-modify,Forward Education Preserving Fish Migration Routes with Fishways - Modify Tutorial,tutorial,Climate Action Kit,Grade 9-12,,#tutorial:github:forward-education/pxt-climate-action/curriculum/hs-fishways-modify,,fwd-climate-action#v2.0.2,v1.9.41,yes as-is,,,,en fr,yes,
pxt-climate-action v2.0.3,curriculum/hs-fishways-use,Forward Education Preserving Fish Migration Routes with Fishways - Use Tutorial,tutorial,Climate Action Kit,Grade 9-12,,#tutorial:github:forward-education/pxt-climate-action/curriculum/hs-fishways-use,,fwd-climate-action#v2.0.2,v1.9.41,yes as-is,,,,en fr,yes,
pxt-climate-action v2.0.3,curriculum/hs-hopespots-modify,Hope Spot Monitoring Station - Modify Tutorial,tutorial,Climate Action Kit,Grade 9-12,,#tutorial:github:forward-education/pxt-climate-action/curriculum/hs-hopespots-modify,,fwd-climate-action#v2.0.2,v1.9.41,yes as-is,,,,en fr,yes,
pxt-climate-action v2.0.3,curriculum/hs-hopespots-use,Hope Spot Monitoring Station - Use Tutorial,tutorial,Climate Action Kit,Grade 9-12,,#tutorial:github:forward-education/pxt-climate-action/curriculum/hs-hopespots-use,,fwd-climate-action#v2.0.2,v1.9.41,yes as-is,,,,en fr,yes,
pxt-climate-action v2.0.3,curriculum/hs-mobileirrigation-modify,Mobile Irrigation System - Modify Tutorial,tutorial,Climate Action Kit,Grade 9-12,,#tutorial:github:forward-education/pxt-climate-action/curriculum/hs-mobileirrigation-modify,,fwd-climate-action#v2.0.2,v1.9.41,yes as-is,,,,en fr,yes,
pxt-climate-action v2.0.3,curriculum/hs-mobileirrigation-use,Mobile Irrigation System - Use Tutorial,tutorial,Climate Action Kit,Grade 9-12,,#tutorial:github:forward-education/pxt-climate-action/curriculum/hs-mobileirrigation-use,,fwd-climate-action#v2.0.2,v1.9.41,yes as-is,,,,en fr,yes,
pxt-climate-action v2.0.3,curriculum/motm-line,Mission on the Moon - Line Following,tutorial,Climate Action Kit,,,#tutorial:github:forward-education/pxt-climate-action/curriculum/motm-line,,fwd-climate-action#v2.0.2,v1.9.41,yes as-is,,,,en fr,no,older or one-off tutorial not paired to a current lesson
pxt-climate-action v2.0.3,curriculum/motm-obs,Mission on the Moon - Sonar Avoidance,tutorial,Climate Action Kit,,,#tutorial:github:forward-education/pxt-climate-action/curriculum/motm-obs,,fwd-climate-action#v2.0.2,v1.9.41,yes as-is,,,,en fr,no,older or one-off tutorial not paired to a current lesson
pxt-climate-action v2.0.3,curriculum/ms-aquaticgarbage-modify,Forward Education Aquatic Garbage Collector - Modify Tutorial,tutorial,Climate Action Kit,Grade 6-8,,#tutorial:github:forward-education/pxt-climate-action/curriculum/ms-aquaticgarbage-modify,,fwd-climate-action#v2.0.2,v1.9.41,yes as-is,,,,en fr,yes,
pxt-climate-action v2.0.3,curriculum/ms-aquaticgarbage-use,Forward Education Aquatic Garbage Collector - Use Tutorial,tutorial,Climate Action Kit,Grade 6-8,,#tutorial:github:forward-education/pxt-climate-action/curriculum/ms-aquaticgarbage-use,,fwd-climate-action#v2.0.2,v1.9.41,yes as-is,,,,en fr,yes,
pxt-climate-action v2.0.3,curriculum/ms-habitatmonitoring-modify,Habitat Monitoring - Modify Tutorial,tutorial,Climate Action Kit,Grade 6-8,,#tutorial:github:forward-education/pxt-climate-action/curriculum/ms-habitatmonitoring-modify,,fwd-climate-action#v2.0.2,v1.9.41,yes as-is,,,,en fr,yes,
pxt-climate-action v2.0.3,curriculum/ms-habitatmonitoring-use,Habitat Monitoring - Use Tutorial,tutorial,Climate Action Kit,Grade 6-8,,#tutorial:github:forward-education/pxt-climate-action/curriculum/ms-habitatmonitoring-use,,fwd-climate-action#v2.0.2,v1.9.41,yes as-is,,,,en fr,yes,
pxt-climate-action v2.0.3,curriculum/ms-heatislands-modify,Urban Heat Islands - Modify Tutorial,tutorial,Climate Action Kit,Grade 6-8,,#tutorial:github:forward-education/pxt-climate-action/curriculum/ms-heatislands-modify,,fwd-climate-action#v2.0.2,v1.9.41,yes as-is,,,,en fr,yes,
pxt-climate-action v2.0.3,curriculum/ms-heatislands-use,Urban Heat Islands - Use Tutorial,tutorial,Climate Action Kit,Grade 6-8,,#tutorial:github:forward-education/pxt-climate-action/curriculum/ms-heatislands-use,,fwd-climate-action#v2.0.2,v1.9.41,yes as-is,,,,en fr,yes,
pxt-climate-action v2.0.3,curriculum/ms-risingsea-modify,Forward Education Sea Level Rise Satellite - Modify Tutorial,tutorial,Climate Action Kit,Grade 6-8,,#tutorial:github:forward-education/pxt-climate-action/curriculum/ms-risingsea-modify,,fwd-climate-action#v2.0.2,v1.9.41,yes as-is,,,,en fr,yes,
pxt-climate-action v2.0.3,curriculum/ms-risingsea-use,Forward Education Sea Level Rise Satellite - Use Tutorial,tutorial,Climate Action Kit,Grade 6-8,,#tutorial:github:forward-education/pxt-climate-action/curriculum/ms-risingsea-use,,fwd-climate-action#v2.0.2,v1.9.41,yes as-is,,,,en fr,yes,
pxt-climate-action v2.0.3,curriculum/ms-smartbin-modify,Smart Garbage Bins - Modify Tutorial,tutorial,Climate Action Kit,Grade 6-8,,#tutorial:github:forward-education/pxt-climate-action/curriculum/ms-smartbin-modify,,fwd-climate-action#v2.0.2,v1.9.41,yes as-is,,,,en fr,yes,
pxt-climate-action v2.0.3,curriculum/ms-smartbin-use,Smart Garbage Bins - Use Tutorial,tutorial,Climate Action Kit,Grade 6-8,,#tutorial:github:forward-education/pxt-climate-action/curriculum/ms-smartbin-use,,fwd-climate-action#v2.0.2,v1.9.41,yes as-is,,,,en fr,yes,
pxt-climate-action v2.0.3,curriculum/ms-smarthome-modify,Forward Education Designing Sustainable Smart Homes - Modify Tutorial,tutorial,Climate Action Kit,Grade 6-8,,#tutorial:github:forward-education/pxt-climate-action/curriculum/ms-smarthome-modify,,fwd-climate-action#v2.0.2,v1.9.41,yes as-is,,,,en fr,yes,
pxt-climate-action v2.0.3,curriculum/ms-smarthome-use,Forward Education - Designing Sustainable Smart Homes - Use Tutorial,tutorial,Climate Action Kit,Grade 6-8,,#tutorial:github:forward-education/pxt-climate-action/curriculum/ms-smarthome-use,,fwd-climate-action#v2.0.2,v1.9.41,yes as-is,,,,en fr,yes,
pxt-climate-action v2.0.3,curriculum/ms-sodis-modify,Solar Water Disinfection - Modify Tutorial,tutorial,Climate Action Kit,Grade 6-8,,#tutorial:github:forward-education/pxt-climate-action/curriculum/ms-sodis-modify,,fwd-climate-action#v2.0.2,v1.9.41,yes as-is,,,,en fr,yes,
pxt-climate-action v2.0.3,curriculum/ms-sodis-use,Solar Water Disinfection - Use Tutorial,tutorial,Climate Action Kit,Grade 6-8,,#tutorial:github:forward-education/pxt-climate-action/curriculum/ms-sodis-use,,fwd-climate-action#v2.0.2,v1.9.41,yes as-is,,,,en fr,yes,
pxt-climate-action v2.0.3,curriculum/ms-solarpanel-modify,Solar Panels - Modify Tutorial,tutorial,Climate Action Kit,Grade 6-8,,#tutorial:github:forward-education/pxt-climate-action/curriculum/ms-solarpanel-modify,,fwd-climate-action#v2.0.2,v1.9.41,yes as-is,,,,en fr,yes,
pxt-climate-action v2.0.3,curriculum/ms-solarpanel-use,Solar Panels - Use Tutorial,tutorial,Climate Action Kit,Grade 6-8,,#tutorial:github:forward-education/pxt-climate-action/curriculum/ms-solarpanel-use,,fwd-climate-action#v2.0.2,v1.9.41,yes as-is,,,,en fr,yes,
pxt-climate-action v2.0.3,curriculum/ms-sumppump-modify,Sump Pumps - Modify Tutorial,tutorial,Climate Action Kit,Grade 6-8,,#tutorial:github:forward-education/pxt-climate-action/curriculum/ms-sumppump-modify,,fwd-climate-action#v2.0.2,v1.9.41,yes as-is,,,,en fr,yes,
pxt-climate-action v2.0.3,curriculum/ms-sumppump-use,Sump Pump - Use Tutorial,tutorial,Climate Action Kit,Grade 6-8,,#tutorial:github:forward-education/pxt-climate-action/curriculum/ms-sumppump-use,,fwd-climate-action#v2.0.2,v1.9.41,yes as-is,,,,en fr,yes,
pxt-climate-action v2.0.3,curriculum/ms-turbiditymeter-modify,Turbidity Meters - Modify Tutorial,tutorial,Climate Action Kit,Grade 6-8,,#tutorial:github:forward-education/pxt-climate-action/curriculum/ms-turbiditymeter-modify,,fwd-climate-action#v2.0.2,v1.9.41,yes as-is,,,,en fr,yes,
pxt-climate-action v2.0.3,curriculum/ms-turbiditymeter-use,Turbidity Meters - Use Tutorial,tutorial,Climate Action Kit,Grade 6-8,,#tutorial:github:forward-education/pxt-climate-action/curriculum/ms-turbiditymeter-use,,fwd-climate-action#v2.0.2,v1.9.41,yes as-is,,,,en fr,yes,
pxt-climate-action v2.0.3,curriculum/ms-windbattery-modify,Wind Turbine Energy Storage - Modify Tutorial,tutorial,Climate Action Kit,Grade 6-8,,#tutorial:github:forward-education/pxt-climate-action/curriculum/ms-windbattery-modify,,fwd-climate-action#v2.0.2,v1.9.41,yes as-is,,,,en fr,yes,
pxt-climate-action v2.0.3,curriculum/ms-windbattery-use,Wind Turbine Energy Storage - Use Tutorial,tutorial,Climate Action Kit,Grade 6-8,,#tutorial:github:forward-education/pxt-climate-action/curriculum/ms-windbattery-use,,fwd-climate-action#v2.0.2,v1.9.41,yes as-is,,,,en fr,yes,
pxt-climate-action v2.0.3,curriculum/ms-windsample-tutorial,Forward Education Wind Turbine - Sample Tutorial,tutorial,Climate Action Kit,Grade 6-8,,#tutorial:github:forward-education/pxt-climate-action/curriculum/ms-windsample-tutorial,,fwd-climate-action#v2.0.2,v1.9.41,yes as-is,,,,en fr,no,older or one-off tutorial not paired to a current lesson
pxt-climate-action v2.0.3,curriculum/pd-stepcounter-modify,Step Counter Tutorial,tutorial,Climate Action Kit,Educator,,#tutorial:github:forward-education/pxt-climate-action/curriculum/pd-stepcounter-modify,,fwd-climate-action#v2.0.2,v1.9.41,yes as-is,,,,en fr,yes,
pxt-climate-action v2.0.3,curriculum/plantsnpollinators,Protecting Pollinators with a Bee Counter,tutorial,Climate Action Kit,,,#tutorial:github:forward-education/pxt-climate-action/curriculum/plantsnpollinators,,fwd-climate-action#v2.0.2,v1.9.41,yes as-is,,,,en fr,no,older or one-off tutorial not paired to a current lesson
pxt-climate-action v2.0.3,curriculum/robo-delivery-11-12,Warehouse Efficiency using Autonomous Delivery Robots and AI,tutorial,Climate Action Kit,,,#tutorial:github:forward-education/pxt-climate-action/curriculum/robo-delivery-11-12,,fwd-climate-action#v2.0.2,v1.9.41,yes as-is,,,,en fr,no,older or one-off tutorial not paired to a current lesson
pxt-climate-action v2.0.3,curriculum/sodis,SODIS,tutorial,Climate Action Kit,,,#tutorial:github:forward-education/pxt-climate-action/curriculum/sodis,,fwd-climate-action#v2.0.2,v1.9.41,yes as-is,,,,en fr,no,older or one-off tutorial not paired to a current lesson
pxt-climate-action v2.0.3,curriculum/solarenergy,Harnessing the Sun's Energy with Solar Panels,tutorial,Climate Action Kit,,,#tutorial:github:forward-education/pxt-climate-action/curriculum/solarenergy,,fwd-climate-action#v2.0.2,v1.9.41,yes as-is,,,,en fr,no,older or one-off tutorial not paired to a current lesson
pxt-climate-action v2.0.3,curriculum/treeseeder,Replanting Our Forests with Automated Tree Seeders,tutorial,Climate Action Kit,,,#tutorial:github:forward-education/pxt-climate-action/curriculum/treeseeder,,fwd-climate-action#v2.0.2,v1.9.41,yes as-is,,,,en fr,no,older or one-off tutorial not paired to a current lesson
pxt-climate-action v2.0.3,curriculum/wind-gr-5-lesson,Powering the Future with Wind Energy,tutorial,Climate Action Kit,,,#tutorial:github:forward-education/pxt-climate-action/curriculum/wind-gr-5-lesson,,fwd-climate-action#v2.0.2,v1.9.41,yes as-is,,,,en fr,no,older or one-off tutorial not paired to a current lesson
pxt-climate-action v2.0.3,curriculum/wind-gr-6-lesson,How Wind Turbines Capture Kinetic Energy,tutorial,Climate Action Kit,,,#tutorial:github:forward-education/pxt-climate-action/curriculum/wind-gr-6-lesson,,fwd-climate-action#v2.0.2,v1.9.41,yes as-is,,,,en fr,no,older or one-off tutorial not paired to a current lesson
pxt-climate-action v2.0.3,curriculum/wind-power-storage,Power Storage for Wind Energy,tutorial,Climate Action Kit,,,#tutorial:github:forward-education/pxt-climate-action/curriculum/wind-power-storage,,fwd-climate-action#v2.0.2,v1.9.41,yes as-is,,,,en fr,no,older or one-off tutorial not paired to a current lesson
pxt-climate-action v2.0.3,curriculum/windenergy,Powering the Future with Wind Energy,tutorial,Climate Action Kit,,,#tutorial:github:forward-education/pxt-climate-action/curriculum/windenergy,,fwd-climate-action#v2.0.2,v1.9.41,yes as-is,,,,en fr,no,older or one-off tutorial not paired to a current lesson
pxt-climate-action v2.0.3,curriculum/windtrial,Powering the Future with Wind Energy,tutorial,Climate Action Kit,,,#tutorial:github:forward-education/pxt-climate-action/curriculum/windtrial,,fwd-climate-action#v2.0.2,v1.9.41,yes as-is,,,,en fr,no,older or one-off tutorial not paired to a current lesson
pxt-coding-for-good v1.1.4,curriculum/lessons/ai-water-conditions/modify-tutorial,AI Water Conditions – Modify Tutorial,tutorial,Coding for Good Kit,,,#tutorial:github:forward-education/pxt-coding-for-good/curriculum/lessons/ai-water-conditions/modify-tutorial,,fwd-coding-for-good#v1.0.6,v1.9.38/40,after re-pin,,,,en fr,yes,
pxt-coding-for-good v1.1.4,curriculum/lessons/ai-water-conditions/use-tutorial,AI Water Conditions – Use Tutorial,tutorial,Coding for Good Kit,,,#tutorial:github:forward-education/pxt-coding-for-good/curriculum/lessons/ai-water-conditions/use-tutorial,,fwd-coding-for-good#v1.0.6,v1.9.38/40,after re-pin,,,,en fr,yes,
pxt-coding-for-good v1.1.4,curriculum/lessons/ai-wind-conditions/modify-tutorial,AI Wind Conditions – Modify Tutorial,tutorial,Coding for Good Kit,,,#tutorial:github:forward-education/pxt-coding-for-good/curriculum/lessons/ai-wind-conditions/modify-tutorial,,fwd-coding-for-good#v1.0.6,v1.9.38/40,after re-pin,,,,en fr,yes,
pxt-coding-for-good v1.1.4,curriculum/lessons/ai-wind-conditions/use-tutorial,AI Wind Conditions – Use Tutorial,tutorial,Coding for Good Kit,,,#tutorial:github:forward-education/pxt-coding-for-good/curriculum/lessons/ai-wind-conditions/use-tutorial,,fwd-coding-for-good#v1.0.6,v1.9.38/40,after re-pin,,,,en fr,yes,
pxt-coding-for-good v1.1.4,curriculum/lessons/avalanche-beacon/modify-tutorial,Avalanche Beacon – Modify Tutorial,tutorial,Coding for Good Kit,,,#tutorial:github:forward-education/pxt-coding-for-good/curriculum/lessons/avalanche-beacon/modify-tutorial,,fwd-coding-for-good#v1.1.1,v1.9.41,yes as-is,,,,en fr,yes,
pxt-coding-for-good v1.1.4,curriculum/lessons/avalanche-beacon/use-tutorial,Avalanche Beacon – Use Tutorial,tutorial,Coding for Good Kit,,,#tutorial:github:forward-education/pxt-coding-for-good/curriculum/lessons/avalanche-beacon/use-tutorial,,fwd-coding-for-good#v1.1.1,v1.9.41,yes as-is,,,,en fr,yes,
pxt-coding-for-good v1.1.4,curriculum/lessons/beat-loops/modify-tutorial,Beat Box – Modify Tutorial,tutorial,Coding for Good Kit,,,#tutorial:github:forward-education/pxt-coding-for-good/curriculum/lessons/beat-loops/modify-tutorial,,fwd-coding-for-good#v1.1.1,v1.9.41,yes as-is,,,,en fr,yes,
pxt-coding-for-good v1.1.4,curriculum/lessons/beat-loops/use-tutorial,Beat Box – Use Tutorial,tutorial,Coding for Good Kit,,,#tutorial:github:forward-education/pxt-coding-for-good/curriculum/lessons/beat-loops/use-tutorial,,fwd-coding-for-good#v1.1.1,v1.9.41,yes as-is,,,,en fr,yes,
pxt-coding-for-good v1.1.4,curriculum/lessons/breathing-light/modify-tutorial,Breathing Light – Modify Tutorial,tutorial,Coding for Good Kit,,,#tutorial:github:forward-education/pxt-coding-for-good/curriculum/lessons/breathing-light/modify-tutorial,,fwd-coding-for-good#v1.1.1,v1.9.41,yes as-is,,,,en fr,yes,
pxt-coding-for-good v1.1.4,curriculum/lessons/breathing-light/use-tutorial,Breathing Light – Use Tutorial,tutorial,Coding for Good Kit,,,#tutorial:github:forward-education/pxt-coding-for-good/curriculum/lessons/breathing-light/use-tutorial,,fwd-coding-for-good#v1.1.1,v1.9.41,yes as-is,,,,en fr,yes,
pxt-coding-for-good v1.1.4,curriculum/lessons/composting-conditions/modify-tutorial,Composting Conditions – Modify Tutorial,tutorial,Coding for Good Kit,,,#tutorial:github:forward-education/pxt-coding-for-good/curriculum/lessons/composting-conditions/modify-tutorial,,fwd-coding-for-good#v1.0.6,v1.9.38/40,after re-pin,,,,en fr,yes,
pxt-coding-for-good v1.1.4,curriculum/lessons/composting-conditions/use-tutorial,Composting Conditions – Use Tutorial,tutorial,Coding for Good Kit,,,#tutorial:github:forward-education/pxt-coding-for-good/curriculum/lessons/composting-conditions/use-tutorial,,fwd-coding-for-good#v1.0.6,v1.9.38/40,after re-pin,,,,en fr,yes,
pxt-coding-for-good v1.1.4,curriculum/lessons/earthquake-detector/modify-tutorial,Earthquake Detector – Modify Tutorial,tutorial,Coding for Good Kit,,,#tutorial:github:forward-education/pxt-coding-for-good/curriculum/lessons/earthquake-detector/modify-tutorial,,fwd-coding-for-good#v1.1.1,v1.9.41,yes as-is,,,,en fr,yes,
pxt-coding-for-good v1.1.4,curriculum/lessons/earthquake-detector/use-tutorial,Earthquake Detector – Use Tutorial,tutorial,Coding for Good Kit,,,#tutorial:github:forward-education/pxt-coding-for-good/curriculum/lessons/earthquake-detector/use-tutorial,,fwd-coding-for-good#v1.1.1,v1.9.41,yes as-is,,,,en fr,yes,
pxt-coding-for-good v1.1.4,curriculum/lessons/echo-locator/modify-tutorial,Echo Locator – Modify Tutorial,tutorial,Coding for Good Kit,,,#tutorial:github:forward-education/pxt-coding-for-good/curriculum/lessons/echo-locator/modify-tutorial,,fwd-coding-for-good#v1.0.6,v1.9.38/40,after re-pin,,,,en fr,yes,
pxt-coding-for-good v1.1.4,curriculum/lessons/echo-locator/use-tutorial,Echo Locator – Use Tutorial,tutorial,Coding for Good Kit,,,#tutorial:github:forward-education/pxt-coding-for-good/curriculum/lessons/echo-locator/use-tutorial,,fwd-coding-for-good#v1.0.6,v1.9.38/40,after re-pin,,,,en fr,yes,
pxt-coding-for-good v1.1.4,curriculum/lessons/field-station/modify-tutorial,Field Station – Modify Tutorial,tutorial,Coding for Good Kit,,,#tutorial:github:forward-education/pxt-coding-for-good/curriculum/lessons/field-station/modify-tutorial,,fwd-coding-for-good#v1.1.1,v1.9.41,yes as-is,,,,en fr,yes,
pxt-coding-for-good v1.1.4,curriculum/lessons/field-station/use-tutorial,Field Station – Use Tutorial,tutorial,Coding for Good Kit,,,#tutorial:github:forward-education/pxt-coding-for-good/curriculum/lessons/field-station/use-tutorial,,fwd-coding-for-good#v1.1.1,v1.9.41,yes as-is,,,,en fr,yes,
pxt-coding-for-good v1.1.4,curriculum/lessons/fire-alarm/modify-tutorial,Fire Alarm – Modify Tutorial,tutorial,Coding for Good Kit,,,#tutorial:github:forward-education/pxt-coding-for-good/curriculum/lessons/fire-alarm/modify-tutorial,,fwd-coding-for-good#v1.1.1,v1.9.41,yes as-is,,,,en fr,yes,
pxt-coding-for-good v1.1.4,curriculum/lessons/fire-alarm/use-tutorial,Fire Alarm – Use Tutorial,tutorial,Coding for Good Kit,,,#tutorial:github:forward-education/pxt-coding-for-good/curriculum/lessons/fire-alarm/use-tutorial,,fwd-coding-for-good#v1.1.1,v1.9.41,yes as-is,,,,en fr,yes,
pxt-coding-for-good v1.1.4,curriculum/lessons/frost-warning/modify-tutorial,Frost Warning – Modify Tutorial,tutorial,Coding for Good Kit,,,#tutorial:github:forward-education/pxt-coding-for-good/curriculum/lessons/frost-warning/modify-tutorial,,fwd-coding-for-good#v1.0.6,v1.9.38/40,after re-pin,,,,en fr,yes,
pxt-coding-for-good v1.1.4,curriculum/lessons/frost-warning/use-tutorial,Frost Warning – Use Tutorial,tutorial,Coding for Good Kit,,,#tutorial:github:forward-education/pxt-coding-for-good/curriculum/lessons/frost-warning/use-tutorial,,fwd-coding-for-good#v1.0.6,v1.9.38/40,after re-pin,,,,en fr,yes,
pxt-coding-for-good v1.1.4,curriculum/lessons/home-energy-monitor/modify-tutorial,Home Energy Monitor – Modify Tutorial,tutorial,Coding for Good Kit,,,#tutorial:github:forward-education/pxt-coding-for-good/curriculum/lessons/home-energy-monitor/modify-tutorial,,fwd-coding-for-good#v1.0.6,v1.9.38/40,after re-pin,,,,en fr,yes,
pxt-coding-for-good v1.1.4,curriculum/lessons/home-energy-monitor/use-tutorial,Home Energy Monitor – Use Tutorial,tutorial,Coding for Good Kit,,,#tutorial:github:forward-education/pxt-coding-for-good/curriculum/lessons/home-energy-monitor/use-tutorial,,fwd-coding-for-good#v1.0.6,v1.9.38/40,after re-pin,,,,en fr,yes,
pxt-coding-for-good v1.1.4,curriculum/lessons/machine-safety-switch/modify-tutorial,Machine Safety Switch – Modify Tutorial,tutorial,Coding for Good Kit,,,#tutorial:github:forward-education/pxt-coding-for-good/curriculum/lessons/machine-safety-switch/modify-tutorial,,fwd-coding-for-good#v1.0.6,v1.9.38/40,after re-pin,,,,en fr,yes,
pxt-coding-for-good v1.1.4,curriculum/lessons/machine-safety-switch/use-tutorial,Machine Safety Switch – Use Tutorial,tutorial,Coding for Good Kit,,,#tutorial:github:forward-education/pxt-coding-for-good/curriculum/lessons/machine-safety-switch/use-tutorial,,fwd-coding-for-good#v1.0.6,v1.9.38/40,after re-pin,,,,en fr,yes,
pxt-coding-for-good v1.1.4,curriculum/lessons/mood-light/modify-tutorial,Mood Light – Modify Tutorial,tutorial,Coding for Good Kit,,,#tutorial:github:forward-education/pxt-coding-for-good/curriculum/lessons/mood-light/modify-tutorial,,fwd-coding-for-good#v1.0.7,v1.9.38/40,after re-pin,,,,en fr,yes,
pxt-coding-for-good v1.1.4,curriculum/lessons/mood-light/use-tutorial,Mood Light – Use Tutorial,tutorial,Coding for Good Kit,,,#tutorial:github:forward-education/pxt-coding-for-good/curriculum/lessons/mood-light/use-tutorial,,fwd-coding-for-good#v1.0.7,v1.9.38/40,after re-pin,,,,en fr,yes,
pxt-coding-for-good v1.1.4,curriculum/lessons/plaza-comfort-dashboard/modify-tutorial,Plaza Comfort Dashboard – Modify Tutorial,tutorial,Coding for Good Kit,,,#tutorial:github:forward-education/pxt-coding-for-good/curriculum/lessons/plaza-comfort-dashboard/modify-tutorial,,fwd-coding-for-good#v1.0.6,v1.9.38/40,after re-pin,,,,en fr,yes,
pxt-coding-for-good v1.1.4,curriculum/lessons/plaza-comfort-dashboard/use-tutorial,Plaza Comfort Dashboard – Use Tutorial,tutorial,Coding for Good Kit,,,#tutorial:github:forward-education/pxt-coding-for-good/curriculum/lessons/plaza-comfort-dashboard/use-tutorial,,fwd-coding-for-good#v1.0.6,v1.9.38/40,after re-pin,,,,en fr,yes,
pxt-coding-for-good v1.1.4,curriculum/lessons/plaza-crowd-control/modify-tutorial,Plaza Crowd Control – Modify Tutorial,tutorial,Coding for Good Kit,,,#tutorial:github:forward-education/pxt-coding-for-good/curriculum/lessons/plaza-crowd-control/modify-tutorial,,fwd-coding-for-good#v1.0.6,v1.9.38/40,after re-pin,,,,en fr,yes,
pxt-coding-for-good v1.1.4,curriculum/lessons/plaza-crowd-control/use-tutorial,Plaza Crowd Control – Use Tutorial,tutorial,Coding for Good Kit,,,#tutorial:github:forward-education/pxt-coding-for-good/curriculum/lessons/plaza-crowd-control/use-tutorial,,fwd-coding-for-good#v1.0.6,v1.9.38/40,after re-pin,,,,en fr,yes,
pxt-coding-for-good v1.1.4,curriculum/lessons/sorting-ramp/modify-tutorial,Sorting Ramp – Modify Tutorial,tutorial,Coding for Good Kit,,,#tutorial:github:forward-education/pxt-coding-for-good/curriculum/lessons/sorting-ramp/modify-tutorial,,fwd-coding-for-good#v1.0.6,v1.9.38/40,after re-pin,,,,en fr,yes,
pxt-coding-for-good v1.1.4,curriculum/lessons/sorting-ramp/use-tutorial,Sorting Ramp – Use Tutorial,tutorial,Coding for Good Kit,,,#tutorial:github:forward-education/pxt-coding-for-good/curriculum/lessons/sorting-ramp/use-tutorial,,fwd-coding-for-good#v1.0.6,v1.9.38/40,after re-pin,,,,en fr,yes,
pxt-coding-for-good v1.1.4,curriculum/lessons/storm-warning/modify-tutorial,Emergency Alert – Modify Tutorial,tutorial,Coding for Good Kit,,,#tutorial:github:forward-education/pxt-coding-for-good/curriculum/lessons/storm-warning/modify-tutorial,,fwd-coding-for-good#v1.1.1,v1.9.41,yes as-is,,,,en fr,yes,
pxt-coding-for-good v1.1.4,curriculum/lessons/storm-warning/use-tutorial,Emergency Alert – Use Tutorial,tutorial,Coding for Good Kit,,,#tutorial:github:forward-education/pxt-coding-for-good/curriculum/lessons/storm-warning/use-tutorial,,fwd-coding-for-good#v1.1.1,v1.9.41,yes as-is,,,,en fr,yes,
pxt-coding-for-good v1.1.4,curriculum/lessons/structure-stress-test/modify-tutorial,Structure Stress Test – Modify Tutorial,tutorial,Coding for Good Kit,,,#tutorial:github:forward-education/pxt-coding-for-good/curriculum/lessons/structure-stress-test/modify-tutorial,,fwd-coding-for-good#v1.1.1,v1.9.41,yes as-is,,,,en fr,yes,
pxt-coding-for-good v1.1.4,curriculum/lessons/structure-stress-test/use-tutorial,Structure Stress Test – Use Tutorial,tutorial,Coding for Good Kit,,,#tutorial:github:forward-education/pxt-coding-for-good/curriculum/lessons/structure-stress-test/use-tutorial,,fwd-coding-for-good#v1.1.1,v1.9.41,yes as-is,,,,en fr,yes,
pxt-coding-for-good v1.1.4,curriculum/lessons/tempo-test/modify-tutorial,Theremin – Modify Tutorial,tutorial,Coding for Good Kit,,,#tutorial:github:forward-education/pxt-coding-for-good/curriculum/lessons/tempo-test/modify-tutorial,,fwd-coding-for-good#v1.1.1,v1.9.41,yes as-is,,,,en fr,yes,
pxt-coding-for-good v1.1.4,curriculum/lessons/tempo-test/use-tutorial,Theremin – Use Tutorial,tutorial,Coding for Good Kit,,,#tutorial:github:forward-education/pxt-coding-for-good/curriculum/lessons/tempo-test/use-tutorial,,fwd-coding-for-good#v1.1.1,v1.9.41,yes as-is,,,,en fr,yes,
pxt-coding-for-good v1.1.4,curriculum/lessons/thermal-transfer/modify-tutorial,Thermal Transfer – Modify Tutorial,tutorial,Coding for Good Kit,,,#tutorial:github:forward-education/pxt-coding-for-good/curriculum/lessons/thermal-transfer/modify-tutorial,,fwd-coding-for-good#v1.0.6,v1.9.38/40,after re-pin,,,,en fr,yes,
pxt-coding-for-good v1.1.4,curriculum/lessons/thermal-transfer/use-tutorial,Thermal Transfer – Use Tutorial,tutorial,Coding for Good Kit,,,#tutorial:github:forward-education/pxt-coding-for-good/curriculum/lessons/thermal-transfer/use-tutorial,,fwd-coding-for-good#v1.0.6,v1.9.38/40,after re-pin,,,,en fr,yes,
pxt-coding-for-good v1.1.4,curriculum/lessons/wave-energy-monitor copy/modify-tutorial,Wave Energy Monitor – Modify Tutorial,tutorial,Coding for Good Kit,,,#tutorial:github:forward-education/pxt-coding-for-good/curriculum/lessons/wave-energy-monitor copy/modify-tutorial,,fwd-coding-for-good#v1.0.5,v1.9.38/40,after re-pin,,,,en fr,no,duplicate folder
pxt-coding-for-good v1.1.4,curriculum/lessons/wave-energy-monitor copy/use-tutorial,Wave Energy Monitor – Use Tutorial,tutorial,Coding for Good Kit,,,#tutorial:github:forward-education/pxt-coding-for-good/curriculum/lessons/wave-energy-monitor copy/use-tutorial,,fwd-coding-for-good#v1.0.5,v1.9.38/40,after re-pin,,,,en fr,no,duplicate folder
pxt-coding-for-good v1.1.4,curriculum/lessons/weather-patterns/modify-tutorial,Smart Doorbell – Modify Tutorial,tutorial,Coding for Good Kit,,,#tutorial:github:forward-education/pxt-coding-for-good/curriculum/lessons/weather-patterns/modify-tutorial,,fwd-coding-for-good#v1.1.1,v1.9.41,yes as-is,,,,en fr,yes,
pxt-coding-for-good v1.1.4,curriculum/lessons/weather-patterns/use-tutorial,Smart Doorbell – Use Tutorial,tutorial,Coding for Good Kit,,,#tutorial:github:forward-education/pxt-coding-for-good/curriculum/lessons/weather-patterns/use-tutorial,,fwd-coding-for-good#v1.1.1,v1.9.41,yes as-is,,,,en fr,yes,
pxt-coding-for-good v1.1.4,curriculum/lessons/wireless-data copy/modify-tutorial,Wireless Data – Modify Tutorial,tutorial,Coding for Good Kit,,,#tutorial:github:forward-education/pxt-coding-for-good/curriculum/lessons/wireless-data copy/modify-tutorial,,fwd-coding-for-good#v1.0.5,v1.9.38/40,after re-pin,,,,en fr,no,duplicate folder
pxt-coding-for-good v1.1.4,curriculum/lessons/wireless-data copy/use-tutorial,Wireless Data – Use Tutorial,tutorial,Coding for Good Kit,,,#tutorial:github:forward-education/pxt-coding-for-good/curriculum/lessons/wireless-data copy/use-tutorial,,fwd-coding-for-good#v1.0.5,v1.9.38/40,after re-pin,,,,en fr,no,duplicate folder
pxt-coding-for-good v1.1.4,curriculum/lessons/wireless-data/modify-tutorial,Smart Lock – Modify Tutorial,tutorial,Coding for Good Kit,,,#tutorial:github:forward-education/pxt-coding-for-good/curriculum/lessons/wireless-data/modify-tutorial,,fwd-coding-for-good#v1.1.1,v1.9.41,yes as-is,,,,en fr,yes,
pxt-coding-for-good v1.1.4,curriculum/lessons/wireless-data/use-tutorial,Smart Lock – Use Tutorial,tutorial,Coding for Good Kit,,,#tutorial:github:forward-education/pxt-coding-for-good/curriculum/lessons/wireless-data/use-tutorial,,fwd-coding-for-good#v1.1.1,v1.9.41,yes as-is,,,,en fr,yes,
pxt-smart-solar v2.0.3,curriculum/ms-solartracking/use,Sun-Tracking Solar Panel - Use Tutorial,tutorial,Smart Solar,,,#tutorial:github:forward-education/pxt-smart-solar/curriculum/ms-solartracking/use,,,v1.9.38,after re-pin,,,,en fr,yes,
pxt-smart-solar v2.0.3,curriculum/ms-solartracking/modify,Sun-Tracking Solar Panel - Modify Tutorial,tutorial,Smart Solar,,,#tutorial:github:forward-education/pxt-smart-solar/curriculum/ms-solartracking/modify,,,v1.9.38,after re-pin,,,,en fr,yes,
pxt-smart-solar v2.0.3,curriculum/projects/current-monitor/tutorial-v2,Current Monitor Tutorial - Forward Education,tutorial,Smart Solar,,,#tutorial:github:forward-education/pxt-smart-solar/curriculum/projects/current-monitor/tutorial-v2,,,v1.9.38,after re-pin,,,,en fr,yes,
pxt-robot-tour v1.0.4,curriculum/projects/robot-tour/tutorial,Robot Tour,tutorial,Robot Tour,,,#tutorial:github:forward-education/pxt-robot-tour/curriculum/projects/robot-tour/tutorial,,,v1.9.38,after re-pin and new release,,,,en,yes,repo has no licence file
